<?xml version="1.0" encoding="UTF-8"?>
<LightningComponentBundle xmlns="http://soap.sforce.com/2006/04/metadata" fqn="formulaBuilder">
    <apiVersion>46.0</apiVersion>
    <isExposed>true</isExposed>
    <masterLabel>FormulaBuilder</masterLabel>
    <targets>
        <target>lightning__AppPage</target>
        <target>lightning__RecordPage</target>
        <target>lightning__HomePage</target>
        <target>lightning__FlowScreen</target>
    </targets>
    <targetConfigs>
        <targetConfig targets="lightning__FlowScreen">
            <property name="formulaString" type="String"></property>
            <property name="contextObjectType" type="String"></property>
            <property name="supportedSystemTypes" type="String"></property>
            
        </targetConfig>
    </targetConfigs>
</LightningComponentBundle>