<?xml version="1.0" encoding="UTF-8"?>
<Bot xmlns="http://soap.sforce.com/2006/04/metadata">
    <botMlDomain>
        <label>Primark Customer Service Bot</label>
        <mlIntents>
            <developerName>Additional_Purchase_at_Collection</developerName>
            <label>Additional Purchase at Collection</label>
            <relatedMlIntents>
                <relatedMlIntent>Primark_Customer_Service_Intent_Set.Additional_Purchase_at_Collection</relatedMlIntent>
            </relatedMlIntents>
        </mlIntents>
        <mlIntents>
            <developerName>Change_of_Mind</developerName>
            <label>Change of Mind</label>
            <relatedMlIntents>
                <relatedMlIntent>Primark_Customer_Service_Intent_Set.Change_of_Mind</relatedMlIntent>
            </relatedMlIntents>
            <relatedMlIntents>
                <relatedMlIntent>Primark_Customer_Service_Intent_Set.Change_of_Mind_CI</relatedMlIntent>
            </relatedMlIntents>
        </mlIntents>
        <mlIntents>
            <developerName>Change_of_Mind_Copy</developerName>
            <label>Change of Mind Copy</label>
        </mlIntents>
        <mlIntents>
            <developerName>Check_Balance</developerName>
            <label>Check Balance</label>
            <relatedMlIntents>
                <relatedMlIntent>Primark_Customer_Service_Intent_Set.Gift_Card_Balance_Checker</relatedMlIntent>
            </relatedMlIntents>
            <relatedMlIntents>
                <relatedMlIntent>Primark_Customer_Service_Intent_Set.Check_Balance</relatedMlIntent>
            </relatedMlIntents>
            <relatedMlIntents>
                <relatedMlIntent>Primark_Customer_Service_Intent_Set.Check_Balance_CI</relatedMlIntent>
            </relatedMlIntents>
        </mlIntents>
        <mlIntents>
            <developerName>Click_Collect_Stores</developerName>
            <label>Click + Collect Stores</label>
            <relatedMlIntents>
                <relatedMlIntent>Primark_Customer_Service_Intent_Set.Click_Collect_Stores_CI</relatedMlIntent>
            </relatedMlIntents>
        </mlIntents>
        <mlIntents>
            <developerName>Click_Collect_Stores_Information</developerName>
            <label>Click + Collect Stores</label>
        </mlIntents>
        <mlIntents>
            <developerName>Collection</developerName>
            <label>Collection</label>
        </mlIntents>
        <mlIntents>
            <developerName>Collections</developerName>
            <label>Collection</label>
            <relatedMlIntents>
                <relatedMlIntent>Primark_Customer_Service_Intent_Set.Requirement_for_Collection</relatedMlIntent>
            </relatedMlIntents>
            <relatedMlIntents>
                <relatedMlIntent>Primark_Customer_Service_Intent_Set.In_Store_Collection_CI</relatedMlIntent>
            </relatedMlIntents>
        </mlIntents>
        <mlIntents>
            <developerName>Confused</developerName>
            <label>Confused</label>
        </mlIntents>
        <mlIntents>
            <developerName>Contact_Details</developerName>
            <label>Contact Details</label>
            <relatedMlIntents>
                <relatedMlIntent>Primark_Customer_Service_Intent_Set.Contact</relatedMlIntent>
            </relatedMlIntents>
            <relatedMlIntents>
                <relatedMlIntent>Primark_Customer_Service_Intent_Set.Contact_Details</relatedMlIntent>
            </relatedMlIntents>
            <relatedMlIntents>
                <relatedMlIntent>Primark_Customer_Service_Intent_Set.Contact_Details_CI</relatedMlIntent>
            </relatedMlIntents>
        </mlIntents>
        <mlIntents>
            <developerName>Covid_Face_Coverings</developerName>
            <label>Covid - Face Coverings</label>
            <mlIntentUtterances>
                <language>en_US</language>
                <utterance>Masks</utterance>
            </mlIntentUtterances>
            <relatedMlIntents>
                <relatedMlIntent>Primark_Customer_Service_Intent_Set.Covid_Masks</relatedMlIntent>
            </relatedMlIntents>
            <relatedMlIntents>
                <relatedMlIntent>Primark_Customer_Service_Intent_Set.Covid_Face_Covering_ROI</relatedMlIntent>
            </relatedMlIntents>
        </mlIntents>
        <mlIntents>
            <developerName>Covid_Fitting_Rooms</developerName>
            <label>Covid - Fitting Rooms</label>
            <mlIntentUtterances>
                <language>en_US</language>
                <utterance>Fitting Rooms</utterance>
            </mlIntentUtterances>
            <relatedMlIntents>
                <relatedMlIntent>Primark_Customer_Service_Intent_Set.Covid_Fitting_Rooms</relatedMlIntent>
            </relatedMlIntents>
            <relatedMlIntents>
                <relatedMlIntent>Primark_Customer_Service_Intent_Set.Covid_Fitting_Room_ROI</relatedMlIntent>
            </relatedMlIntents>
        </mlIntents>
        <mlIntents>
            <developerName>Covid_Restrictions</developerName>
            <label>Covid - Restrictions</label>
            <mlIntentUtterances>
                <language>en_US</language>
                <utterance>Covid</utterance>
            </mlIntentUtterances>
            <mlIntentUtterances>
                <language>en_US</language>
                <utterance>Covid-19</utterance>
            </mlIntentUtterances>
            <relatedMlIntents>
                <relatedMlIntent>Primark_Customer_Service_Intent_Set.Covid_Restrictions</relatedMlIntent>
            </relatedMlIntents>
            <relatedMlIntents>
                <relatedMlIntent>Primark_Customer_Service_Intent_Set.Covid_Restriction_ROI</relatedMlIntent>
            </relatedMlIntents>
        </mlIntents>
        <mlIntents>
            <developerName>Don_t_have_orignial_packaging</developerName>
            <label>Don&apos;t have orignial packaging</label>
        </mlIntents>
        <mlIntents>
            <developerName>Easter_Egg</developerName>
            <label>Easter Egg</label>
            <mlIntentUtterances>
                <language>en_US</language>
                <utterance>T-Rex</utterance>
            </mlIntentUtterances>
        </mlIntents>
        <mlIntents>
            <developerName>Email_Not_Received</developerName>
            <label>Email Not Received</label>
            <mlIntentUtterances>
                <language>en_US</language>
                <utterance>No emails</utterance>
            </mlIntentUtterances>
            <mlIntentUtterances>
                <language>en_US</language>
                <utterance>not getting newsletter</utterance>
            </mlIntentUtterances>
            <relatedMlIntents>
                <relatedMlIntent>Primark_Customer_Service_Intent_Set.Email_Not_Received</relatedMlIntent>
            </relatedMlIntents>
            <relatedMlIntents>
                <relatedMlIntent>Primark_Customer_Service_Intent_Set.Email_Not_Received_ROI</relatedMlIntent>
            </relatedMlIntents>
        </mlIntents>
        <mlIntents>
            <developerName>Expected_Delivery_Time</developerName>
            <label>Expected Delivery Time</label>
            <relatedMlIntents>
                <relatedMlIntent>Primark_Customer_Service_Intent_Set.Expected_Delivery_Time</relatedMlIntent>
            </relatedMlIntents>
        </mlIntents>
        <mlIntents>
            <developerName>FAQ_IE</developerName>
            <label>FAQ</label>
            <mlIntentUtterances>
                <language>en_US</language>
                <utterance>See FAQ Tab</utterance>
            </mlIntentUtterances>
        </mlIntents>
        <mlIntents>
            <developerName>Faulty_Items</developerName>
            <label>Faulty Items</label>
            <relatedMlIntents>
                <relatedMlIntent>Primark_Customer_Service_Intent_Set.Faulty_Item</relatedMlIntent>
            </relatedMlIntents>
            <relatedMlIntents>
                <relatedMlIntent>Primark_Customer_Service_Intent_Set.Faulty_Items_CI</relatedMlIntent>
            </relatedMlIntents>
        </mlIntents>
        <mlIntents>
            <developerName>Frequently_Asked_Questions_FAQs</developerName>
            <label>FAQ</label>
        </mlIntents>
        <mlIntents>
            <developerName>Gift_Cards</developerName>
            <label>Gift Cards</label>
            <relatedMlIntents>
                <relatedMlIntent>Primark_Customer_Service_Intent_Set.Gift_Card_ROI</relatedMlIntent>
            </relatedMlIntents>
            <relatedMlIntents>
                <relatedMlIntent>Primark_Customer_Service_Intent_Set.Gift_Cards_CI</relatedMlIntent>
            </relatedMlIntents>
        </mlIntents>
        <mlIntents>
            <developerName>Gift_Cards_Returns</developerName>
            <label>Gift Cards Returns</label>
            <relatedMlIntents>
                <relatedMlIntent>Primark_Customer_Service_Intent_Set.Gift_Card_Returns</relatedMlIntent>
            </relatedMlIntents>
            <relatedMlIntents>
                <relatedMlIntent>Primark_Customer_Service_Intent_Set.Gift_Cards_Returns_CI</relatedMlIntent>
            </relatedMlIntents>
        </mlIntents>
        <mlIntents>
            <developerName>Gift_Card_Expiration</developerName>
            <label>Gift Card Expiration</label>
            <relatedMlIntents>
                <relatedMlIntent>Primark_Customer_Service_Intent_Set.Gift_Card_Expiration</relatedMlIntent>
            </relatedMlIntents>
            <relatedMlIntents>
                <relatedMlIntent>Primark_Customer_Service_Intent_Set.Gift_Card_Expiration_CI</relatedMlIntent>
            </relatedMlIntents>
        </mlIntents>
        <mlIntents>
            <developerName>Guest_Checkout</developerName>
            <label>Guest Checkout</label>
            <relatedMlIntents>
                <relatedMlIntent>Primark_Customer_Service_Intent_Set.Guest_Checkout</relatedMlIntent>
            </relatedMlIntents>
        </mlIntents>
        <mlIntents>
            <developerName>Influencer</developerName>
            <label>Influencer</label>
            <relatedMlIntents>
                <relatedMlIntent>Primark_Customer_Service_Intent_Set.Influencer</relatedMlIntent>
            </relatedMlIntents>
            <relatedMlIntents>
                <relatedMlIntent>Primark_Customer_Service_Intent_Set.Influencer_ROI</relatedMlIntent>
            </relatedMlIntents>
            <relatedMlIntents>
                <relatedMlIntent>Primark_Customer_Service_Intent_Set.Influencer_CI</relatedMlIntent>
            </relatedMlIntents>
        </mlIntents>
        <mlIntents>
            <developerName>Location</developerName>
            <label>Location</label>
            <mlIntentUtterances>
                <language>en_US</language>
                <utterance>Location</utterance>
            </mlIntentUtterances>
            <relatedMlIntents>
                <relatedMlIntent>Primark_Customer_Service_Intent_Set.Location</relatedMlIntent>
            </relatedMlIntents>
            <relatedMlIntents>
                <relatedMlIntent>Primark_Customer_Service_Intent_Set.Location_CI</relatedMlIntent>
            </relatedMlIntents>
        </mlIntents>
        <mlIntents>
            <developerName>Lost_email_confirmation</developerName>
            <label>Lost email confirmation</label>
            <relatedMlIntents>
                <relatedMlIntent>Primark_Customer_Service_Intent_Set.Lost_email_confirmation</relatedMlIntent>
            </relatedMlIntents>
        </mlIntents>
        <mlIntents>
            <developerName>Lost_Gift_Card</developerName>
            <label>Lost Gift Card</label>
            <relatedMlIntents>
                <relatedMlIntent>Primark_Customer_Service_Intent_Set.Lost_Gift_Card</relatedMlIntent>
            </relatedMlIntents>
            <relatedMlIntents>
                <relatedMlIntent>Primark_Customer_Service_Intent_Set.Lost_Gift_Card_CI</relatedMlIntent>
            </relatedMlIntents>
        </mlIntents>
        <mlIntents>
            <developerName>Low_Stock</developerName>
            <label>Low Stock</label>
            <relatedMlIntents>
                <relatedMlIntent>Primark_Customer_Service_Intent_Set.Low_Stock</relatedMlIntent>
            </relatedMlIntents>
        </mlIntents>
        <mlIntents>
            <developerName>Main_Menu</developerName>
            <label>Main Menu</label>
            <relatedMlIntents>
                <relatedMlIntent>Primark_Customer_Service_Intent_Set.Main_Menu</relatedMlIntent>
            </relatedMlIntents>
            <relatedMlIntents>
                <relatedMlIntent>Primark_Customer_Service_Intent_Set.Main_Menu_CI</relatedMlIntent>
            </relatedMlIntents>
        </mlIntents>
        <mlIntents>
            <developerName>Minimum_Spend</developerName>
            <label>Minimum Spend</label>
            <relatedMlIntents>
                <relatedMlIntent>Primark_Customer_Service_Intent_Set.Minimum_Spend</relatedMlIntent>
            </relatedMlIntents>
        </mlIntents>
        <mlIntents>
            <developerName>Missing_items</developerName>
            <label>Missing items</label>
            <relatedMlIntents>
                <relatedMlIntent>Primark_Customer_Service_Intent_Set.Missing_items</relatedMlIntent>
            </relatedMlIntents>
            <relatedMlIntents>
                <relatedMlIntent>Primark_Customer_Service_Intent_Set.Missing_items_CI</relatedMlIntent>
            </relatedMlIntents>
        </mlIntents>
        <mlIntents>
            <developerName>My_Account</developerName>
            <label>My Account</label>
            <mlIntentUtterances>
                <language>en_US</language>
                <utterance>See My Account Tab</utterance>
            </mlIntentUtterances>
            <relatedMlIntents>
                <relatedMlIntent>Primark_Customer_Service_Intent_Set.My_Account</relatedMlIntent>
            </relatedMlIntents>
            <relatedMlIntents>
                <relatedMlIntent>Primark_Customer_Service_Intent_Set.My_Account_CI</relatedMlIntent>
            </relatedMlIntents>
        </mlIntents>
        <mlIntents>
            <developerName>Need_additional_help</developerName>
            <label>Contact Us</label>
            <mlIntentUtterances>
                <language>en_US</language>
                <utterance>no</utterance>
            </mlIntentUtterances>
        </mlIntents>
        <mlIntents>
            <developerName>Not_Loading</developerName>
            <label>Not Loading</label>
            <mlIntentUtterances>
                <language>en_US</language>
                <utterance>Image issue - HTML / Not Loading</utterance>
            </mlIntentUtterances>
            <relatedMlIntents>
                <relatedMlIntent>Primark_Customer_Service_Intent_Set.Not_Loading</relatedMlIntent>
            </relatedMlIntents>
            <relatedMlIntents>
                <relatedMlIntent>Primark_Customer_Service_Intent_Set.Email_Not_Loading_ROI</relatedMlIntent>
            </relatedMlIntents>
            <relatedMlIntents>
                <relatedMlIntent>Primark_Customer_Service_Intent_Set.Not_Loading_CI</relatedMlIntent>
            </relatedMlIntents>
        </mlIntents>
        <mlIntents>
            <developerName>One4All</developerName>
            <label>One4All</label>
            <relatedMlIntents>
                <relatedMlIntent>Primark_Customer_Service_Intent_Set.One4All_Cards</relatedMlIntent>
            </relatedMlIntents>
            <relatedMlIntents>
                <relatedMlIntent>Primark_Customer_Service_Intent_Set.One4All_CI</relatedMlIntent>
            </relatedMlIntents>
        </mlIntents>
        <mlIntents>
            <developerName>Online_Order_Placement</developerName>
            <label>Online Order Placement</label>
            <relatedMlIntents>
                <relatedMlIntent>Primark_Customer_Service_Intent_Set.Online_Order_Creation</relatedMlIntent>
            </relatedMlIntents>
            <relatedMlIntents>
                <relatedMlIntent>Primark_Customer_Service_Intent_Set.Online_Order_Placement</relatedMlIntent>
            </relatedMlIntents>
            <relatedMlIntents>
                <relatedMlIntent>Primark_Customer_Service_Intent_Set.Online_Order_Placement_CI</relatedMlIntent>
            </relatedMlIntents>
        </mlIntents>
        <mlIntents>
            <developerName>Online_Shopping</developerName>
            <label>Online Shopping</label>
            <relatedMlIntents>
                <relatedMlIntent>Primark_Customer_Service_Intent_Set.Online_Shop</relatedMlIntent>
            </relatedMlIntents>
            <relatedMlIntents>
                <relatedMlIntent>Primark_Customer_Service_Intent_Set.Online_Shopping</relatedMlIntent>
            </relatedMlIntents>
            <relatedMlIntents>
                <relatedMlIntent>Primark_Customer_Service_Intent_Set.Online_Shopping_ROI</relatedMlIntent>
            </relatedMlIntents>
            <relatedMlIntents>
                <relatedMlIntent>Primark_Customer_Service_Intent_Set.Online_Shopping_CI</relatedMlIntent>
            </relatedMlIntents>
            <relatedMlIntents>
                <relatedMlIntent>Primark_Customer_Service_Intent_Set.Online_Shopping_CI_v3</relatedMlIntent>
            </relatedMlIntents>
        </mlIntents>
        <mlIntents>
            <developerName>Order_Collection</developerName>
            <label>Order Collection</label>
            <relatedMlIntents>
                <relatedMlIntent>Primark_Customer_Service_Intent_Set.Collection</relatedMlIntent>
            </relatedMlIntents>
            <relatedMlIntents>
                <relatedMlIntent>Primark_Customer_Service_Intent_Set.Order_Collection</relatedMlIntent>
            </relatedMlIntents>
            <relatedMlIntents>
                <relatedMlIntent>Primark_Customer_Service_Intent_Set.Collection_CI</relatedMlIntent>
            </relatedMlIntents>
            <relatedMlIntents>
                <relatedMlIntent>Primark_Customer_Service_Intent_Set.Order_Collection_CI</relatedMlIntent>
            </relatedMlIntents>
        </mlIntents>
        <mlIntents>
            <developerName>Order_E_Gift_Card</developerName>
            <label>Order E-Gift Card</label>
            <relatedMlIntents>
                <relatedMlIntent>Primark_Customer_Service_Intent_Set.Order_E_Gift_Card_CI</relatedMlIntent>
            </relatedMlIntents>
        </mlIntents>
        <mlIntents>
            <developerName>Order_Queries</developerName>
            <label>Order Queries</label>
        </mlIntents>
        <mlIntents>
            <developerName>Other_FAQs</developerName>
            <label>Other FAQs</label>
            <relatedMlIntents>
                <relatedMlIntent>Primark_Customer_Service_Intent_Set.FAQ</relatedMlIntent>
            </relatedMlIntents>
            <relatedMlIntents>
                <relatedMlIntent>Primark_Customer_Service_Intent_Set.FAQ_CI</relatedMlIntent>
            </relatedMlIntents>
        </mlIntents>
        <mlIntents>
            <description>Customer should be directly redirected to the Live Agent.</description>
            <developerName>Payment_Issues</developerName>
            <label>Payment Issues</label>
            <mlIntentUtterances>
                <language>en_US</language>
                <utterance>Card Details</utterance>
            </mlIntentUtterances>
            <mlIntentUtterances>
                <language>en_US</language>
                <utterance>Payment not Accepted</utterance>
            </mlIntentUtterances>
            <mlIntentUtterances>
                <language>en_US</language>
                <utterance>Click + Collect Payment</utterance>
            </mlIntentUtterances>
            <relatedMlIntents>
                <relatedMlIntent>Primark_Customer_Service_Intent_Set.Payment_Issues_ROI</relatedMlIntent>
            </relatedMlIntents>
        </mlIntents>
        <mlIntents>
            <developerName>Place_An_Order</developerName>
            <label>Place An Order</label>
        </mlIntents>
        <mlIntents>
            <developerName>Preferences</developerName>
            <label>Preferences</label>
            <mlIntentUtterances>
                <language>en_US</language>
                <utterance>Preferences</utterance>
            </mlIntentUtterances>
            <relatedMlIntents>
                <relatedMlIntent>Primark_Customer_Service_Intent_Set.Preferences</relatedMlIntent>
            </relatedMlIntents>
            <relatedMlIntents>
                <relatedMlIntent>Primark_Customer_Service_Intent_Set.Preferences_ROI</relatedMlIntent>
            </relatedMlIntents>
        </mlIntents>
        <mlIntents>
            <developerName>Preferred_Store</developerName>
            <label>Preferred Store</label>
            <mlIntentUtterances>
                <language>en_US</language>
                <utterance>Preferred Store</utterance>
            </mlIntentUtterances>
            <relatedMlIntents>
                <relatedMlIntent>Primark_Customer_Service_Intent_Set.Preferred_Store</relatedMlIntent>
            </relatedMlIntents>
            <relatedMlIntents>
                <relatedMlIntent>Primark_Customer_Service_Intent_Set.Preferred_Store_ROI</relatedMlIntent>
            </relatedMlIntents>
        </mlIntents>
        <mlIntents>
            <developerName>Primark_Cares</developerName>
            <label>Primark Cares</label>
            <relatedMlIntents>
                <relatedMlIntent>Primark_Customer_Service_Intent_Set.Primark_Cares</relatedMlIntent>
            </relatedMlIntents>
            <relatedMlIntents>
                <relatedMlIntent>Primark_Customer_Service_Intent_Set.Primark_Cares_ROI</relatedMlIntent>
            </relatedMlIntents>
        </mlIntents>
        <mlIntents>
            <developerName>Privacy_Data</developerName>
            <label>Privacy Data</label>
            <mlIntentUtterances>
                <language>en_US</language>
                <utterance>Privacy Data</utterance>
            </mlIntentUtterances>
            <mlIntentUtterances>
                <language>en_US</language>
                <utterance>GDPR</utterance>
            </mlIntentUtterances>
            <relatedMlIntents>
                <relatedMlIntent>Primark_Customer_Service_Intent_Set.Privacy_Data</relatedMlIntent>
            </relatedMlIntents>
            <relatedMlIntents>
                <relatedMlIntent>Primark_Customer_Service_Intent_Set.Privacy_Data_ROI</relatedMlIntent>
            </relatedMlIntents>
            <relatedMlIntents>
                <relatedMlIntent>Primark_Customer_Service_Intent_Set.Privacy_Data_CI</relatedMlIntent>
            </relatedMlIntents>
        </mlIntents>
        <mlIntents>
            <developerName>Recruitment_Career</developerName>
            <label>Recruitment/Career</label>
            <relatedMlIntents>
                <relatedMlIntent>Primark_Customer_Service_Intent_Set.Careers</relatedMlIntent>
            </relatedMlIntents>
            <relatedMlIntents>
                <relatedMlIntent>Primark_Customer_Service_Intent_Set.Recruitment_Career</relatedMlIntent>
            </relatedMlIntents>
            <relatedMlIntents>
                <relatedMlIntent>Primark_Customer_Service_Intent_Set.Recruitment_Career_ROI</relatedMlIntent>
            </relatedMlIntents>
            <relatedMlIntents>
                <relatedMlIntent>Primark_Customer_Service_Intent_Set.Recruitment_Career_CI</relatedMlIntent>
            </relatedMlIntents>
        </mlIntents>
        <mlIntents>
            <developerName>Refund_Exchange</developerName>
            <label>Refund &amp; Exchange</label>
            <mlIntentUtterances>
                <language>en_US</language>
                <utterance>See Refund &amp; Exchange Tab</utterance>
            </mlIntentUtterances>
        </mlIntents>
        <mlIntents>
            <developerName>Reset_Password</developerName>
            <label>Reset Password</label>
            <mlIntentUtterances>
                <language>en_US</language>
                <utterance>MyAccount</utterance>
            </mlIntentUtterances>
            <mlIntentUtterances>
                <language>en_US</language>
                <utterance>Passwords</utterance>
            </mlIntentUtterances>
            <mlIntentUtterances>
                <language>en_US</language>
                <utterance>Access</utterance>
            </mlIntentUtterances>
            <relatedMlIntents>
                <relatedMlIntent>Primark_Customer_Service_Intent_Set.Reset_Password</relatedMlIntent>
            </relatedMlIntents>
            <relatedMlIntents>
                <relatedMlIntent>Primark_Customer_Service_Intent_Set.Reset_Password_ROI</relatedMlIntent>
            </relatedMlIntents>
        </mlIntents>
        <mlIntents>
            <developerName>Restocks</developerName>
            <label>Restocks</label>
            <relatedMlIntents>
                <relatedMlIntent>Primark_Customer_Service_Intent_Set.Stock_Updates</relatedMlIntent>
            </relatedMlIntents>
            <relatedMlIntents>
                <relatedMlIntent>Primark_Customer_Service_Intent_Set.Restocks</relatedMlIntent>
            </relatedMlIntents>
            <relatedMlIntents>
                <relatedMlIntent>Primark_Customer_Service_Intent_Set.Restocks_CI</relatedMlIntent>
            </relatedMlIntents>
        </mlIntents>
        <mlIntents>
            <developerName>Restricted_numbers</developerName>
            <label>Restricted numbers</label>
            <relatedMlIntents>
                <relatedMlIntent>Primark_Customer_Service_Intent_Set.Restricted_numbers</relatedMlIntent>
            </relatedMlIntents>
        </mlIntents>
        <mlIntents>
            <developerName>Returns_No_Receipt</developerName>
            <label>No Receipt</label>
            <relatedMlIntents>
                <relatedMlIntent>Primark_Customer_Service_Intent_Set.No_Receipt</relatedMlIntent>
            </relatedMlIntents>
            <relatedMlIntents>
                <relatedMlIntent>Primark_Customer_Service_Intent_Set.No_Receipt_CI</relatedMlIntent>
            </relatedMlIntents>
            <relatedMlIntents>
                <relatedMlIntent>Primark_Customer_Service_Intent_Set.Returns_No_Receipt_CI</relatedMlIntent>
            </relatedMlIntents>
        </mlIntents>
        <mlIntents>
            <developerName>Shopping_List</developerName>
            <label>Shopping List</label>
            <mlIntentUtterances>
                <language>en_US</language>
                <utterance>Shopping List</utterance>
            </mlIntentUtterances>
            <relatedMlIntents>
                <relatedMlIntent>Primark_Customer_Service_Intent_Set.Shopping_List</relatedMlIntent>
            </relatedMlIntents>
            <relatedMlIntents>
                <relatedMlIntent>Primark_Customer_Service_Intent_Set.Shopping_List_ROI</relatedMlIntent>
            </relatedMlIntents>
            <relatedMlIntents>
                <relatedMlIntent>Primark_Customer_Service_Intent_Set.Shopping_List_CI</relatedMlIntent>
            </relatedMlIntents>
        </mlIntents>
        <mlIntents>
            <developerName>Sign_Up</developerName>
            <label>Sign Up</label>
            <mlIntentUtterances>
                <language>en_US</language>
                <utterance>Sign up</utterance>
            </mlIntentUtterances>
            <mlIntentUtterances>
                <language>en_US</language>
                <utterance>how do I sign up?</utterance>
            </mlIntentUtterances>
            <relatedMlIntents>
                <relatedMlIntent>Primark_Customer_Service_Intent_Set.Sign_Up</relatedMlIntent>
            </relatedMlIntents>
            <relatedMlIntents>
                <relatedMlIntent>Primark_Customer_Service_Intent_Set.Sign_Up_CI</relatedMlIntent>
            </relatedMlIntents>
        </mlIntents>
        <mlIntents>
            <developerName>Spend_Gift_Card</developerName>
            <label>Spend Gift Card</label>
            <relatedMlIntents>
                <relatedMlIntent>Primark_Customer_Service_Intent_Set.Where_can_I_spend_my_Gift_Card</relatedMlIntent>
            </relatedMlIntents>
        </mlIntents>
        <mlIntents>
            <developerName>Stock_Queries</developerName>
            <label>Stock Queries</label>
            <mlIntentUtterances>
                <language>en_US</language>
                <utterance>See Stock Queries Tab</utterance>
            </mlIntentUtterances>
        </mlIntents>
        <mlIntents>
            <developerName>Store_Address</developerName>
            <label>Store Location</label>
            <mlIntentUtterances>
                <language>en_US</language>
                <utterance>Location</utterance>
            </mlIntentUtterances>
            <mlIntentUtterances>
                <language>en_US</language>
                <utterance>Store</utterance>
            </mlIntentUtterances>
            <mlIntentUtterances>
                <language>en_US</language>
                <utterance>Store Location</utterance>
            </mlIntentUtterances>
            <relatedMlIntents>
                <relatedMlIntent>Primark_Customer_Service_Intent_Set.Store_Location</relatedMlIntent>
            </relatedMlIntents>
            <relatedMlIntents>
                <relatedMlIntent>Primark_Customer_Service_Intent_Set.Store_Location_ROI</relatedMlIntent>
            </relatedMlIntents>
            <relatedMlIntents>
                <relatedMlIntent>Primark_Customer_Service_Intent_Set.Store_Location_CI</relatedMlIntent>
            </relatedMlIntents>
        </mlIntents>
        <mlIntents>
            <developerName>Store_Finder</developerName>
            <label>Store Finder</label>
            <relatedMlIntents>
                <relatedMlIntent>Primark_Customer_Service_Intent_Set.Store_Finder</relatedMlIntent>
            </relatedMlIntents>
            <relatedMlIntents>
                <relatedMlIntent>Primark_Customer_Service_Intent_Set.Store_Finder_CI</relatedMlIntent>
            </relatedMlIntents>
        </mlIntents>
        <mlIntents>
            <developerName>Store_Information</developerName>
            <label>Store Information</label>
        </mlIntents>
        <mlIntents>
            <developerName>Store_Information_IE</developerName>
            <label>Store Information</label>
            <mlIntentUtterances>
                <language>en_US</language>
                <utterance>See Store Information Tab</utterance>
            </mlIntentUtterances>
        </mlIntents>
        <mlIntents>
            <developerName>Store_Opening_Hours</developerName>
            <label>Store Opening Hours</label>
            <relatedMlIntents>
                <relatedMlIntent>Primark_Customer_Service_Intent_Set.Opening_Hours</relatedMlIntent>
            </relatedMlIntents>
            <relatedMlIntents>
                <relatedMlIntent>Primark_Customer_Service_Intent_Set.Store_Opening_Hours</relatedMlIntent>
            </relatedMlIntents>
            <relatedMlIntents>
                <relatedMlIntent>Primark_Customer_Service_Intent_Set.Store_Opening_Hours_ROI</relatedMlIntent>
            </relatedMlIntents>
            <relatedMlIntents>
                <relatedMlIntent>Primark_Customer_Service_Intent_Set.Store_Opening_Hour_CI</relatedMlIntent>
            </relatedMlIntents>
        </mlIntents>
        <mlIntents>
            <developerName>Store_Phone_Number</developerName>
            <label>Store Contact Details</label>
            <mlIntentUtterances>
                <language>en_US</language>
                <utterance>how do i get the southampton store phone number</utterance>
            </mlIntentUtterances>
            <relatedMlIntents>
                <relatedMlIntent>Primark_Customer_Service_Intent_Set.Store_Contact_Information</relatedMlIntent>
            </relatedMlIntents>
            <relatedMlIntents>
                <relatedMlIntent>Primark_Customer_Service_Intent_Set.Store_Contact_Details_ROI</relatedMlIntent>
            </relatedMlIntents>
            <relatedMlIntents>
                <relatedMlIntent>Primark_Customer_Service_Intent_Set.Store_Contact_Details_CI</relatedMlIntent>
            </relatedMlIntents>
        </mlIntents>
        <mlIntents>
            <developerName>Store_Reservation</developerName>
            <label>Store Reservation</label>
            <relatedMlIntents>
                <relatedMlIntent>Primark_Customer_Service_Intent_Set.Reserve_Stock</relatedMlIntent>
            </relatedMlIntents>
            <relatedMlIntents>
                <relatedMlIntent>Primark_Customer_Service_Intent_Set.Store_Reservation</relatedMlIntent>
            </relatedMlIntents>
            <relatedMlIntents>
                <relatedMlIntent>Primark_Customer_Service_Intent_Set.Store_Reservation_CI</relatedMlIntent>
            </relatedMlIntents>
        </mlIntents>
        <mlIntents>
            <developerName>Store_Stock_Availability</developerName>
            <label>Store Stock Availability</label>
            <relatedMlIntents>
                <relatedMlIntent>Primark_Customer_Service_Intent_Set.Stock_Availability</relatedMlIntent>
            </relatedMlIntents>
            <relatedMlIntents>
                <relatedMlIntent>Primark_Customer_Service_Intent_Set.Store_Stock_Availability</relatedMlIntent>
            </relatedMlIntents>
            <relatedMlIntents>
                <relatedMlIntent>Primark_Customer_Service_Intent_Set.Store_Stock_Availability_CI</relatedMlIntent>
            </relatedMlIntents>
            <relatedMlIntents>
                <relatedMlIntent>Primark_Customer_Service_Intent_Set.Store_Stock_Availability_C5</relatedMlIntent>
            </relatedMlIntents>
        </mlIntents>
        <mlIntents>
            <developerName>Subscribe</developerName>
            <label>Subscribe</label>
            <mlIntentUtterances>
                <language>en_US</language>
                <utterance>Subscribe</utterance>
            </mlIntentUtterances>
            <mlIntentUtterances>
                <language>en_US</language>
                <utterance>Newsletter</utterance>
            </mlIntentUtterances>
            <relatedMlIntents>
                <relatedMlIntent>Primark_Customer_Service_Intent_Set.Subscribe</relatedMlIntent>
            </relatedMlIntents>
            <relatedMlIntents>
                <relatedMlIntent>Primark_Customer_Service_Intent_Set.Subscribe_ROI</relatedMlIntent>
            </relatedMlIntents>
        </mlIntents>
        <mlIntents>
            <developerName>Track_Refund</developerName>
            <label>Track Refund</label>
            <relatedMlIntents>
                <relatedMlIntent>Primark_Customer_Service_Intent_Set.Track_Refund</relatedMlIntent>
            </relatedMlIntents>
            <relatedMlIntents>
                <relatedMlIntent>Primark_Customer_Service_Intent_Set.Click_and_Collect_Refund</relatedMlIntent>
            </relatedMlIntents>
        </mlIntents>
        <mlIntents>
            <developerName>Transfer_To_Agent</developerName>
            <label>Transfer To Agent</label>
            <relatedMlIntents>
                <relatedMlIntent>Primark_Customer_Service_Intent_Set.Transfer_To_Agent</relatedMlIntent>
            </relatedMlIntents>
            <relatedMlIntents>
                <relatedMlIntent>Primark_Customer_Service_Intent_Set.Transfer_To_Agent_C5</relatedMlIntent>
            </relatedMlIntents>
        </mlIntents>
        <mlIntents>
            <developerName>Uncollected_Items</developerName>
            <label>Uncollected Items</label>
            <relatedMlIntents>
                <relatedMlIntent>Primark_Customer_Service_Intent_Set.Uncollected_Items</relatedMlIntent>
            </relatedMlIntents>
        </mlIntents>
        <mlIntents>
            <developerName>Underwear_Returns</developerName>
            <label>Underwear Returns</label>
            <relatedMlIntents>
                <relatedMlIntent>Primark_Customer_Service_Intent_Set.Underwear_Return</relatedMlIntent>
            </relatedMlIntents>
            <relatedMlIntents>
                <relatedMlIntent>Primark_Customer_Service_Intent_Set.Underwear_Returns_C5</relatedMlIntent>
            </relatedMlIntents>
        </mlIntents>
        <mlIntents>
            <developerName>Unsubscribe</developerName>
            <label>Unsubscribe</label>
            <mlIntentUtterances>
                <language>en_US</language>
                <utterance>Unsubscribe</utterance>
            </mlIntentUtterances>
            <relatedMlIntents>
                <relatedMlIntent>Primark_Customer_Service_Intent_Set.Unsubscribe</relatedMlIntent>
            </relatedMlIntents>
            <relatedMlIntents>
                <relatedMlIntent>Primark_Customer_Service_Intent_Set.Unsubscribe_ROI</relatedMlIntent>
            </relatedMlIntents>
        </mlIntents>
        <mlIntents>
            <developerName>Update_Order</developerName>
            <label>Update Order</label>
            <relatedMlIntents>
                <relatedMlIntent>Primark_Customer_Service_Intent_Set.Update_Order</relatedMlIntent>
            </relatedMlIntents>
            <relatedMlIntents>
                <relatedMlIntent>Primark_Customer_Service_Intent_Set.Click_and_Collect_Refund_CI</relatedMlIntent>
            </relatedMlIntents>
            <relatedMlIntents>
                <relatedMlIntent>Primark_Customer_Service_Intent_Set.Update_Order_C5</relatedMlIntent>
            </relatedMlIntents>
        </mlIntents>
        <mlIntents>
            <developerName>VAT_Number</developerName>
            <label>VAT Number</label>
            <relatedMlIntents>
                <relatedMlIntent>Primark_Customer_Service_Intent_Set.What_is_the_company_VAT_number</relatedMlIntent>
            </relatedMlIntents>
        </mlIntents>
        <mlIntents>
            <developerName>Where_to_Buy</developerName>
            <label>Buy a Gift Card</label>
            <relatedMlIntents>
                <relatedMlIntent>Primark_Customer_Service_Intent_Set.Buy_a_Gift_Card</relatedMlIntent>
            </relatedMlIntents>
            <relatedMlIntents>
                <relatedMlIntent>Primark_Customer_Service_Intent_Set.Gift_Cards</relatedMlIntent>
            </relatedMlIntents>
            <relatedMlIntents>
                <relatedMlIntent>Primark_Customer_Service_Intent_Set.Buy_a_Gift_Card_CI</relatedMlIntent>
            </relatedMlIntents>
        </mlIntents>
        <mlIntents>
            <developerName>Wrong_items</developerName>
            <label>Wrong items</label>
            <relatedMlIntents>
                <relatedMlIntent>Primark_Customer_Service_Intent_Set.Wrong_Items</relatedMlIntent>
            </relatedMlIntents>
        </mlIntents>
        <mlSlotClasses>
            <dataType>Text</dataType>
            <developerName>JoinQueue</developerName>
            <extractionType>Value</extractionType>
            <label>JoinQueue</label>
        </mlSlotClasses>
        <mlSlotClasses>
            <dataType>Text</dataType>
            <developerName>Languages</developerName>
            <extractionType>Value</extractionType>
            <label>Languages</label>
        </mlSlotClasses>
        <name>Primark_Customer_Service_Bot</name>
    </botMlDomain>
    <contextVariables>
        <contextVariableMappings>
            <SObjectType>LiveChatTranscript</SObjectType>
            <fieldName>LiveChatTranscript.ChatKey</fieldName>
            <messageType>WebChat</messageType>
        </contextVariableMappings>
        <dataType>Text</dataType>
        <developerName>ChatKey</developerName>
        <label>Chat Key</label>
    </contextVariables>
    <contextVariables>
        <contextVariableMappings>
            <SObjectType>LiveChatTranscript</SObjectType>
            <fieldName>LiveChatTranscript.ContactId</fieldName>
            <messageType>WebChat</messageType>
        </contextVariableMappings>
        <dataType>Id</dataType>
        <developerName>ContactId</developerName>
        <label>Contact Id</label>
    </contextVariables>
    <contextVariables>
        <contextVariableMappings>
            <SObjectType>LiveChatTranscript</SObjectType>
            <fieldName>LiveChatTranscript.LiveChatVisitorId</fieldName>
            <messageType>WebChat</messageType>
        </contextVariableMappings>
        <dataType>Id</dataType>
        <developerName>EndUserId</developerName>
        <label>End User Id</label>
    </contextVariables>
    <contextVariables>
        <contextVariableMappings>
            <SObjectType>LiveChatTranscript</SObjectType>
            <fieldName>LiveChatTranscript.Web_First_Name__c</fieldName>
            <messageType>WebChat</messageType>
        </contextVariableMappings>
        <dataType>Text</dataType>
        <developerName>Name</developerName>
        <label>Name</label>
    </contextVariables>
    <contextVariables>
        <contextVariableMappings>
            <SObjectType>LiveChatTranscript</SObjectType>
            <fieldName>LiveChatTranscript.Id</fieldName>
            <messageType>WebChat</messageType>
        </contextVariableMappings>
        <dataType>Id</dataType>
        <developerName>RoutableId</developerName>
        <label>Routable Id</label>
    </contextVariables>
    <conversationChannelProviders>
        <agentRequired>false</agentRequired>
        <chatButtonName>WebChat</chatButtonName>
    </conversationChannelProviders>
    <conversationChannelProviders>
        <agentRequired>false</agentRequired>
        <chatButtonName>Example</chatButtonName>
    </conversationChannelProviders>
    <description>A bot from scratch.</description>
    <label>Customer Service Bot</label>
    <logPrivateConversationData>true</logPrivateConversationData>
    <richContentEnabled>false</richContentEnabled>
</Bot>
